id,ts,category
1,2023-10-09 05:10:55,Beauty Salons
3,2023-10-09 05:17:38,Cosmetologists
4,2023-10-09 05:17:38,Day Spas
5,2023-10-09 05:17:38,Hair Removal
6,2023-10-09 05:17:38,Hair Stylists
7,2023-10-09 05:17:38,Nail Salons
8,2023-10-09 05:17:51,Hair Supplies & Accessories
9,2023-10-09 05:17:51,Barbers
11,2023-10-09 05:17:51,Beauty Supplies & Equipment
12,2023-10-09 05:17:51,Hair Replacement
13,2023-10-09 05:17:51,Wigs & Hair Pieces
20,2023-10-09 05:18:10,Permanent Make-Up
22,2023-10-09 05:18:10,Cosmetic Services
23,2023-10-09 05:18:10,Electrolysis
27,2023-10-09 05:18:10,Wax
31,2023-10-09 05:18:33,Entertainment Agencies & Bureaus
34,2023-10-09 05:19:18,Beauty Salon Equipment & Supplies
36,2023-10-09 05:19:18,Cosmetics & Perfumes
40,2023-10-09 05:19:36,Skin Care
47,2023-10-09 05:19:51,Wedding Supplies & Services
48,2023-10-09 05:19:51,Tattoos
50,2023-10-09 05:19:51,Body Piercing
69,2023-10-09 05:20:11,Health Resorts
70,2023-10-09 05:20:11,Massage Services
71,2023-10-09 05:20:11,Massage Therapists
75,2023-10-09 05:20:11,Tanning Salons
83,2023-10-09 05:20:20,Boutique Items
88,2023-10-09 05:20:29,Hair Braiding
92,2023-10-09 05:20:29,Hair Weaving
110,2023-10-09 05:22:19,Health Clubs
153,2023-10-09 05:24:22,Make-Up Artists
189,2023-10-09 05:26:06,Aromatherapy
276,2023-10-09 05:27:54,Beauty Salons-Equipment & Supplies-Wholesale & Manufacturers
361,2023-10-09 05:29:53,Beauty Schools
374,2023-10-09 05:29:58,Health & Wellness Products
376,2023-10-09 05:29:58,Tattoo Removal
448,2023-10-09 05:30:31,Medical Clinics
639,2023-10-09 05:33:44,Dentists
773,2023-10-09 05:40:44,Tanning Salons-Equipment & Supplies
944,2023-10-09 05:44:24,Health & Fitness Program Consultants
956,2023-10-09 05:44:37,Medical Spas
957,2023-10-09 05:44:37,Physicians & Surgeons
958,2023-10-09 05:44:37,"Physicians & Surgeons, Dermatology"
959,2023-10-09 05:44:37,"Physicians & Surgeons, Family Medicine & General Practice"
960,2023-10-09 05:44:37,"Physicians & Surgeons, Laser Surgery"
961,2023-10-09 05:44:37,"Physicians & Surgeons, Surgery-General"
1222,2023-10-09 05:52:31,Cosmetic Dentistry
1482,2023-10-09 06:01:11,Teeth Whitening Products & Services
1643,2023-10-09 06:02:44,"Physicians & Surgeons, Plastic & Reconstructive"
1920,2023-10-09 06:04:53,Body Wrap Salons
1932,2023-10-09 06:04:55,Weight Control Services
2007,2023-10-09 06:05:47,Bridal Shops
2203,2023-10-09 06:07:43,Scalp Care
2235,2023-10-09 06:08:01,Tanners
2500,2023-10-09 06:11:58,Clinics
2587,2023-10-09 06:13:39,Department Stores
2590,2023-10-09 06:13:39,Blinds-Venetian & Vertical
2591,2023-10-09 06:13:39,Clothing Stores
2592,2023-10-09 06:13:39,"Draperies, Curtains & Window Treatments"
2593,2023-10-09 06:13:39,Furniture Stores
2594,2023-10-09 06:13:39,General Merchandise
2596,2023-10-09 06:13:39,Housewares
2597,2023-10-09 06:13:39,Interior Designers & Decorators
2598,2023-10-09 06:13:39,Jewelers
2599,2023-10-09 06:13:39,Men's Clothing
2600,2023-10-09 06:13:39,Portrait Photographers
2601,2023-10-09 06:13:39,Shoe Stores
2602,2023-10-09 06:13:39,Women's Clothing
2670,2023-10-09 06:14:18,Hat Shops
2740,2023-10-09 06:14:58,Color Consultants
2742,2023-10-09 06:14:58,Home Improvements
2743,2023-10-09 06:14:58,Home Repair & Maintenance
3751,2023-10-09 06:29:11,"Physicians & Surgeons, Cosmetic Surgery"
3752,2023-10-09 06:29:11,Reducing & Weight Control
4072,2023-10-09 06:32:23,Health & Welfare Clinics
4083,2023-10-09 06:32:25,Barber Schools
4150,2023-10-09 06:32:58,Medical Equipment & Supplies
4306,2023-10-09 06:34:45,Cosmetics-Wholesale & Manufacturers
4485,2023-10-09 06:37:59,Clothing Alterations
5006,2023-10-09 06:55:13,Massage Schools
5099,2023-10-09 06:59:08,Gift Shops
5301,2023-10-09 07:05:26,Fashion Consultants
5617,2023-10-09 07:16:01,Schools
5679,2023-10-09 07:17:07,Property Maintenance
6947,2023-10-09 07:44:51,Personal Image Consultants
7197,2023-10-09 07:48:51,Spas & Hot Tubs
7386,2023-10-09 07:55:37,Barbers Equipment & Supplies
7867,2023-10-09 08:01:58,Business & Vocational Schools
8418,2023-10-09 08:11:34,Online & Mail Order Shopping
8591,2023-10-09 08:14:40,"Clothing-Collectible, Period, Vintage"
8633,2023-10-09 08:15:29,Medical Centers
8805,2023-10-09 08:17:19,Exercise & Physical Fitness Programs
9246,2023-10-09 08:23:29,Women's Fashion Accessories
10077,2023-10-09 08:45:09,Photography & Videography
12741,2023-10-09 09:43:14,Theatrical Make-Up
14937,2023-10-09 11:04:27,Educational Services
18668,2023-10-09 12:32:13,"Physicians & Surgeons, Vascular Surgery"
19714,2023-10-09 13:07:21,Restaurants
20625,2023-10-09 13:27:21,Party Planning
21961,2023-10-09 13:43:59,Children's Party Planning & Entertainment
23262,2023-10-09 14:13:32,Adult Education
23265,2023-10-09 14:13:32,"Industrial, Technical & Trade Schools"
23629,2023-10-09 14:19:55,Food Products
24442,2023-10-09 14:41:53,Mastectomy Forms & Apparel
24842,2023-10-09 14:48:45,Business Coaches & Consultants
25165,2023-10-09 14:56:54,Beauty Salon Equipment Repair
28925,2023-10-09 16:25:53,Colleges & Universities
29833,2023-10-09 16:44:40,Eyeglasses
30529,2023-10-09 17:06:30,Children & Infants Clothing
30530,2023-10-09 17:06:30,Chinese Restaurants
30532,2023-10-09 17:06:30,Discount Stores
30535,2023-10-09 17:06:30,Paintball
30536,2023-10-09 17:06:30,"Party Favors, Supplies & Services"
30539,2023-10-09 17:06:30,Swap Shops
30658,2023-10-09 17:09:00,Health Maintenance Organizations
30902,2023-10-09 17:12:14,Prosthetic Devices
31536,2023-10-09 17:19:32,Arts & Crafts Supplies
31539,2023-10-09 17:19:32,Party & Event Planners
31747,2023-10-09 17:22:31,Personal Services & Assistants
34434,2023-10-09 18:08:16,Woodworking Equipment & Supplies
34867,2023-10-09 18:23:34,Fund Raising Service
35784,2023-10-09 18:39:33,Cancer Treatment Centers
37607,2023-10-09 19:24:18,Sharpening Service
37833,2023-10-09 19:26:44,Jewelers Supplies & Findings
41072,2023-10-09 20:25:23,Essential Oils
41567,2023-10-09 20:32:16,Physical Fitness Consultants & Trainers
41726,2023-10-09 20:35:14,Shopping Centers & Malls
41932,2023-10-09 20:39:42,Sports Clubs & Organizations
42586,2023-10-09 20:50:31,Weaving & Mending Service
43110,2023-10-09 21:12:04,"Art Galleries, Dealers & Consultants"
43461,2023-10-09 21:17:38,Health & Diet Food Products
46715,2023-10-09 22:27:33,Hair Removing Equipment & Supplies
46739,2023-10-09 22:29:05,Grocery Stores
46742,2023-10-09 22:29:05,Natural Foods
46756,2023-10-09 22:29:16,Polishes
47101,2023-10-09 22:37:55,Bras
47108,2023-10-09 22:37:55,Lingerie
48566,2023-10-09 23:17:31,Passport Photo & Visa Information & Services
51601,2023-10-10 00:35:43,Employment Opportunities
52372,2023-10-10 00:44:43,Vitamins & Food Supplements
57575,2023-10-10 02:30:40,Government Consultants
58931,2023-10-10 02:59:38,Uniforms
58932,2023-10-10 02:59:38,Uniforms-Accessories
61233,2023-10-10 03:49:15,"Cancer Educational, Referral & Support Services"
62090,2023-10-10 04:02:26,Notaries Public
71628,2023-10-10 07:40:37,Tanning Equipment & Supplies
73381,2023-10-10 08:18:25,Personnel Consultants
74694,2023-10-10 08:37:22,Pharmacies
93258,2023-10-10 15:37:00,Video Production Services-Commercial
97987,2023-10-10 17:14:43,Perfume-Wholesale & Manufacturers
108817,2023-10-10 23:03:03,Optical Goods Repair
124097,2023-10-11 07:26:02,Bridal Supplies-Wholesale & Manufacturers
124099,2023-10-11 07:26:02,Facilities & Space Planning Consultants
124426,2023-10-11 07:39:39,Religious Goods
126929,2023-10-11 08:31:58,Business & Trade Organizations
126933,2023-10-11 08:31:58,Manufacturers Agents & Representatives
129011,2023-10-11 08:57:44,Tools
133901,2023-10-11 10:51:43,Costumes
134026,2023-10-11 10:54:29,Candles
134539,2023-10-11 11:02:36,Dentists Referral & Information Service
140040,2023-10-11 12:37:18,Shears & Scissors
142162,2023-10-11 13:08:42,Electrolysis Equipment & Supplies
146915,2023-10-11 14:46:08,Massage Equipment & Supplies
153593,2023-10-11 16:47:42,Shopping Carts & Baskets
190988,2023-10-12 14:34:34,Fabric Shops
238717,2023-10-13 10:47:52,Baths
238731,2023-10-13 10:47:52,Watches
239556,2023-10-13 11:04:10,Jewelry Supply Wholesalers & Manufacturers
266389,2023-10-14 03:16:06,Apprenticeship Training Programs
272468,2023-10-14 09:36:56,Catalog Showrooms
273446,2023-10-14 10:41:03,Hardware Stores
282767,2023-10-14 21:26:15,Cleaners Supplies
323675,2023-10-19 06:01:02,Brushes
323676,2023-10-19 06:01:02,Contractors Equipment & Supplies
323680,2023-10-19 06:01:02,Painters Equipment & Supplies
353976,2023-10-20 21:12:27,Sales Promotion Service
363308,2023-10-21 08:18:46,Home Health Care Equipment & Supplies
363312,2023-10-21 08:18:46,Breastfeeding Supplies & Information
380164,2023-10-22 05:38:53,Exporters
384984,2023-10-22 12:37:53,Outlet Stores
408337,2023-10-24 00:28:07,Cabinetmakers-Commercial & Industrial
431738,2023-10-25 00:16:33,Wireless Communication
458150,2023-10-25 14:49:37,Gloves
461601,2023-10-25 17:54:11,Vegan Restaurants
497248,2023-10-26 23:11:40,General Merchandise-Wholesale
519875,2023-10-28 04:37:10,Pipe Cutting & Threading Equipment
